Artist,Genre,Title,Group,Score
...And You Will Know Us By The Trail Of Dead,Rock,Source Tags And Codes,10,10
Glenn Branca,Rock,The Ascension,10,10
James Brown,Rock,Live At The Apollo [Expanded Edition],10,10
The Clash,Rock,London Calling: 25Th Anniversary Legacy Edition,10,10
Neutral Milk Hotel,Rock,In The Aeroplane Over The Sea,10,10
Pavement,Rock,"Crooked Rain, Crooked Rain: La'S Desert Origins",10,10
Pink Floyd,Rock,Animals,10,10
Radiohead,Rock,Kid A,10,10
Bruce Springsteen,Rock,Born To Run: 30Th Anniversary Edition,10,10
Wilco,Rock,Yankee Hotel Foxtrot,10,10
Sonic Youth,Rock,Daydream Nation: Deluxe Edition,10,10
Joy Division,Rock,Unknown Pleasures,10,10
Wire,Rock,Pink Flag,10,10
R.E.M.,Rock,Murmur [Deluxe Edition],10,10
Beastie Boys,Rock,Paul'S Boutique,10,10
R.E.M.,Rock,Reckoning [Deluxe Edition],10,10
Radiohead,Rock,Kid A: Special Collectors Edition,10,10
The Beatles,Rock,Stereo Box,10,10
The Beatles,Rock,Abbey Road,10,10
The Beatles,Rock,The Beatles,10,10
The Beatles,Rock,Rubber Soul,10,10
The Beatles,Rock,Revolver,10,10
The Beatles,Rock,Sgt. Pepper'S Lonely Hearts Club Band,10,10
The Beatles,Rock,Magical Mystery Tour,10,10
The Stone Roses,Rock,The Stone Roses,10,10
Spiritualized,Rock,Ladies And Gentlemen We Are Floating In Space [Collector'S Editon],10,10
Pavement,Rock,Quarantine The Past,10,10
The Rolling Stones,Rock,Exile On Main St. [Deluxe Edition],10,10
The Cure,Rock,Disintegration [Deluxe Edition],10,10
The Dismemberment Plan,Rock,Emergency & I [Vinyl Reissue],10,10
Nirvana,Rock,Nevermind [20Th Anniversary Edition],10,10
Talk Talk,Rock,Laughing Stock,10,10
The Beach Boys,Rock,The Smile Sessions,10,10
Can,Rock,Tago Mago [40Th Anniversary Edition],10,10
My Bloody Valentine,Rock,Isn'T Anything,10,10
Fleetwood Mac,Rock,Rumours,10,10
Nirvana,Rock,In Utero: 20Th Anniversary Edition,10,10
The Velvet Underground,Rock,White Light/White Heat,10,10
Slint,Rock,Spiderland,10,10
The Velvet Underground,Rock,The Velvet Underground  45Th Anniversary Super Deluxe Edition,10,10
The Rolling Stones,Rock,Sticky Fingers,10,10
Van Morrison,Rock,Astral Weeks,10,10
The Velvet Underground,Rock,Loaded: Re-Loaded 45Th Anniversary Edition,10,10
David Bowie,Rock,Low,10,10
David Bowie,Rock,"""Heroes""",10,10
Prince,Rock,Purple Rain,10,10
The Revolution,Rock,Purple Rain,10,10
Prince,Rock,1999,10,10
Prince,Rock,"Sign ""O"" The Times",10,10
Prince,Rock,Dirty Mind,10,10
Neil Young,Rock,Tonight'S The Night,10,10
Public Image Ltd,Rock,Metal Box,10,10
Bob Dylan,Rock,Blood On The Tracks,10,10
Beastie Boys,Rap,Paul'S Boutique,10,10
Kanye West,Rap,My Beautiful Dark Twisted Fantasy,10,10
Gza,Rap,Liquid Swords: Chess Box Deluxe Edition,10,10
Nas,Rap,Illmatic,10,10
J Dilla,Rap,Donuts (45 Box Set),10,10
Mobb Deep,Rap,The Infamous,10,10
Public Enemy,Rap,It Takes A Nation Of Millions To Hold Us Back,10,10
A Tribe Called Quest,Rap,People's Instinctive Travels And The Paths Of Rhythm,10,10
Otis Redding,Pop/R&B,Otis Blue: Otis Redding Sings Soul [Collector'S Edition],10,10
Serge Gainsbourg,Pop/R&B,Histoire De Melody Nelson,10,10
Dangelo,Pop/R&B,Voodoo,10,10
Michael Jackson,Pop/R&B,Off The Wall,10,10
Prince,Pop/R&B,Purple Rain,10,10
The Revolution,Pop/R&B,Purple Rain,10,10
Prince,Pop/R&B,1999,10,10
Prince,Pop/R&B,"Sign ""O"" The Times",10,10
Prince,Pop/R&B,Dirty Mind,10,10
Kate Bush,Pop/R&B,Hounds Of Love,10,10
Nina Simone,Pop/R&B,In Concert,10,10
Stevie Wonder,Pop/R&B,Songs In The Key Of Life,10,10
John Coltrane,Jazz,The Olatunji Concert: The Last Live Recording,10,10
John Coltrane,Jazz,A Love Supreme: The Complete Masters,10,10
Nina Simone,Jazz,In Concert,10,10
Bonnie Prince Billy,Folk/Country,I See A Darkness,10,10
Glenn Branca,Experimental,The Ascension,10,10
Spiritualized,Experimental,Ladies And Gentlemen We Are Floating In Space [Collector'S Editon],10,10
Can,Experimental,Tago Mago [40Th Anniversary Edition],10,10
My Bloody Valentine,Experimental,Isn'T Anything,10,10
William Basinski,Experimental,The Disintegration Loops,10,10
Brian Eno,Experimental,Another Green World,10,10
Boards Of Canada,Electronic,Music Has The Right To Children,10,10
Dj Shadow,Electronic,Endtroducing... [Deluxe Edition],10,10
Television,Electronic,Marquee Moon,10,10
Elvis Costello,Rock,My Aim Is True,9,9.8
Funkadelic,Rock,Motor City Madness: The Ultimate Funkadelic Compilation,9,9.8
Modest Mouse,Rock,The Moon & Antarctica,9,9.8
T. Rex,Rock,The Slider,9,9.8
Morrissey,Rock,Bona Drag [20Th Anniversary Edition],9,9.8
Funkadelic,Pop/R&B,Motor City Madness: The Ultimate Funkadelic Compilation,9,9.8
Arcade Fire,Rock,Funeral,9,9.7
The Byrds,Rock,Sweetheart Of The Rodeo [Legacy Edition],9,9.7
Mekons,Rock,Fear And Whiskey,9,9.7
Keith Fullerton Whitman,Rock,Playthroughs,9,9.7
R.E.M.,Rock,And I Feel Fine,9,9.7
Blondie,Rock,Parallel Lines: Deluxe Edition,9,9.7
The Beatles,Rock,A Hard Day'S Night,9,9.7
Ultramagnetic Mc'S,Rap,Critical Beatdown,9,9.7
N.W.A.,Rap,Straight Outta Compton,9,9.7
Ultramagnetic Mc'S,Metal,Critical Beatdown,9,9.7
Johnny Cash,Folk/Country,Johnny Cash At Folsom Prison: Legacy Edition,9,9.7
Ennio Morricone,Experimental,Mondo Morricone: The Trilogy,9,9.7
Luomo,Electronic,Vocalcity,9,9.7
Keith Fullerton Whitman,Electronic,Playthroughs,9,9.7
Blondie,Electronic,Parallel Lines: Deluxe Edition,9,9.7
The Dismemberment Plan,Rock,Emergency & I,9,9.6
The Fall,Rock,Hex Enduction Hour,9,9.6
The Fiery Furnaces,Rock,Blueberry Boat,9,9.6
Iran,Rock,Iran,9,9.6
Pixies,Rock,Complete B-Sides,9,9.6
Ramones,Rock,Weird Tales Of The Ramones,9,9.6
Ween,Rock,God Ween Satan: The Oneness,9,9.6
The Jesus And Mary Chain,Rock,Psychocandy,9,9.6
Leonard Cohen,Rock,Songs Of Leonard Cohen,9,9.6
Liz Phair,Rock,Exile In Guyville [15Th Anniversary Edition],9,9.6
Animal Collective,Rock,Merriweather Post Pavilion,9,9.6
Yo La Tengo,Rock,Extra Painful,9,9.6
Billie Holiday,Jazz,The Ultimate Collection,9,9.6
Iran,Experimental,Iran,9,9.6
Ween,Experimental,God Ween Satan: The Oneness,9,9.6
The Jesus And Mary Chain,Experimental,Psychocandy,9,9.6
Animal Collective,Experimental,Merriweather Post Pavilion,9,9.6
Mouse On Mars,Electronic,Idiology,9,9.6
Can,Rock,Box Music (Live 1971-1977),9,9.5
Circulatory System,Rock,Circulatory System,9,9.5
Gang Of Four,Rock,Entertainment!,9,9.5
Guided By Voices,Rock,Human Amusement At Hourly Rates: The Best Of Guided By Voices,9,9.5
Interpol,Rock,Turn On The Bright Lights,9,9.5
The Kinks,Rock,The Village Green Preservation Society,9,9.5
Slowdive,Rock,Catch The Breeze,9,9.5
T. Rex,Rock,Electric Warrior,9,9.5
Tom Waits,Rock,Mule Variations,9,9.5
The Wrens,Rock,The Meadowlands,9,9.5
Scott Walker,Rock,5 Easy Pieces,9,9.5
John Cale,Rock,Paris 1919,9,9.5
Sly And The Family Stone,Rock,The Collection,9,9.5
Chuck Berry,Rock,Johnny B. Goode: His Complete '50S Chess Recordings,9,9.5
The Beach Boys,Rock,Smiley Smile,9,9.5
Neil Young,Rock,On The Beach,9,9.5
Radiohead,Rock,Amnesiac: Special Collectors Edition,9,9.5
The Beatles,Rock,Please Please Me,9,9.5
The Beatles,Rock,Rock Band,9,9.5
Kraftwerk,Rock,The Catalogue,9,9.5
Galaxie 500,Rock,Today,9,9.5
David Bowie,Rock,Station To Station [Deluxe Edition],9,9.5
Bruce Springsteen,Rock,The Promise: The Darkness On The Edge Of Town Story,9,9.5
Nine Inch Nails,Rock,Pretty Hate Machine,9,9.5
Ride,Rock,Nowhere [20Th Anniversary Edition],9,9.5
Bon Iver,Rock,"Bon Iver, Bon Iver",9,9.5
U2,Rock,Achtung Baby [Super Deluxe Edition],9,9.5
Neutral Milk Hotel,Rock,Box Set,9,9.5
Roxy Music,Rock,The Complete Studio Records 1972-1982,9,9.5
Interpol,Rock,Turn On The Bright Lights: The Tenth Anniversary Edition,9,9.5
Big Star,Rock,Complete Third,9,9.5
Minutemen,Rock,Double Nickels On The Dime,9,9.5
Leonard Cohen,Rock,Im Your Man,9,9.5
Roots Manuva,Rap,Brand New Secondhand,9,9.5
Kanye West,Rap,Late Registration,9,9.5
Kendrick Lamar,Rap,"Good Kid, M.A.A.D City",9,9.5
Kanye West,Rap,Yeezus,9,9.5
Ice Cube,Rap,Death Certificate,9,9.5
Marvin Gaye,Pop/R&B,What'S Going On [40Th Anniversary Edition],9,9.5
Frank Ocean,Pop/R&B,Channel Orange,9,9.5
Lauryn Hill,Pop/R&B,The Miseducation Of Lauryn Hill,9,9.5
Miles Davis,Jazz,"Live At The Fillmore East (March 7, 1970): It'S About That Time",9,9.5
Miles Davis,Jazz,The Complete In A Silent Way Sessions,9,9.5
Roots Manuva,Jazz,Brand New Secondhand,9,9.5
Miles Davis,Jazz,Bitches Brew [Legacy Edition],9,9.5
John Fahey,Folk/Country,Your Past Comes Back To Haunt You: The Fonotone Years (19581965),9,9.5
Can,Experimental,Box Music (Live 1971-1977),9,9.5
Circulatory System,Experimental,Circulatory System,9,9.5
Morton Feldman,Experimental,String Quartet Ii,9,9.5
Ives Ensemble,Experimental,String Quartet Ii,9,9.5
The Wrens,Experimental,The Meadowlands,9,9.5
Galaxie 500,Experimental,Today,9,9.5
Ride,Experimental,Nowhere [20Th Anniversary Edition],9,9.5
The Avalanches,Electronic,Since I Left You,9,9.5
Basement Jaxx,Electronic,The Singles,9,9.5
Farben,Electronic,Textstar,9,9.5
Roots Manuva,Electronic,Brand New Secondhand,9,9.5
Underworld,Electronic,King Of Snake Eps,9,9.5
Kraftwerk,Electronic,The Catalogue,9,9.5
Gas,Electronic,Box,9,9.5
Harry Nilsson,Rock,Nilsson Schmilsson,9,9.4
Shalabi Effect,Rock,The Trial Of St-Orange,9,9.4
Sigur Rs,Rock,Agaetis Byrjun,9,9.4
Patti Smith,Rock,Horses [30Th Anniversary Legacy Edition],9,9.4
The Velvet Underground,Rock,"Bootleg Series, Vol. 1: The Quine Tapes",9,9.4
Wilco,Rock,Summerteeth,9,9.4
The Beach Boys,Rock,Pet Sounds: 40Th Anniversary,9,9.4
The Hold Steady,Rock,Boys And Girls In America,9,9.4
Chavez,Rock,Better Days Will Haunt You,9,9.4
Pink Floyd,Rock,The Piper At The Gates Of Dawn  [40Th Anniversary Edition],9,9.4
Faust,Rock,Iv,9,9.4
The Replacements,Rock,"Sorry Ma, Forgot To Take Out The Trash",9,9.4
Blur,Rock,Midlife: A Beginner'S Guide To Blur,9,9.4
Refused,Rock,The Shape Of Punk To Come: A Chimerical Bombination In 12 Bursts [Deluxe Edition],9,9.4
Simon & Garfunkel,Rock,Bridge Over Troubled Water,9,9.4
Disco Inferno,Rock,The 5 Eps,9,9.4
R.E.M.,Rock,"Part Lies, Part Heart, Part Truth, Part Garbage: 1982-2011",9,9.4
Dizzee Rascal,Rap,Boy In Da Corner,9,9.4
Madvillain,Rap,Madvillainy,9,9.4
Public Enemy,Rap,Power To The People And The Beats,9,9.4
The Roots,Rap,Things Fall Apart,9,9.4
Dangelo,Pop/R&B,Black Messiah,9,9.4
The Vanguard,Pop/R&B,Black Messiah,9,9.4
Erykah Badu,Pop/R&B,Mamas Gun,9,9.4
Chavez,Metal,Better Days Will Haunt You,9,9.4
Ornette Coleman,Jazz,This Is Our Music,9,9.4
Miles Davis,Jazz,The Cellar Door Sessions 1970,9,9.4
Caetano Veloso,Global,Caetano Veloso,9,9.4
Joanna Newsom,Folk/Country,Ys,9,9.4
Bob Wills And His Texas Playboys,Folk/Country,Legends Of Country Music,9,9.4
William Basinski,Experimental,The Disintegration Loops I-Iv,9,9.4
Fennesz,Experimental,Endless Summer,9,9.4
Chavez,Experimental,Better Days Will Haunt You,9,9.4
Disco Inferno,Experimental,The 5 Eps,9,9.4
Aphex Twin,Electronic,Selected Ambient Works 85-92,9,9.4
Ï¿½-Ziq,Electronic,Tango N' Vectif,9,9.4
Panda Bear,Electronic,Person Pitch,9,9.4
Built To Spill,Rock,Keep It Like A Secret,9,9.3
Clinic,Rock,Internal Wrangler,9,9.3
Dntel,Rock,Life Is Full Of Possibilities,9,9.3
Bob Dylan,Rock,No Direction Home: The Soundtrack: The Bootleg Series Vol. 7,9,9.3
Disco Inferno,Rock,D.I. Go Pop,9,9.3
Dungen,Rock,Ta Det Lugnt,9,9.3
Dungen,Rock,Ta Det Lugnt [Expanded Edition],9,9.3
The Fall,Rock,"50,000 Fall Fans Can'T Be Wrong",9,9.3
The Fall,Rock,"The Complete Peel Sessions, 1978-2004",9,9.3
Interpol,Rock,Interpol Ep,9,9.3
Orange Juice,Rock,The Glasgow School,9,9.3
Prson Sound,Rock,Prson Sound,9,9.3
Sebadoh,Rock,Iii,9,9.3
Smog,Rock,Dongs Of Sevotion,9,9.3
The Slits,Rock,Cut,9,9.3
The Velvet Underground,Rock,Gold,9,9.3
The Zombies,Rock,Odessey And Oracle,9,9.3
Pavement,Rock,Wowee Zowee: Sordid Sentinels Edition,9,9.3
Young Marble Giants,Rock,Colossal Youth And Collected Works,9,9.3
Animal Collective,Rock,Strawberry Jam,9,9.3
Radiohead,Rock,In Rainbows,9,9.3
Nick Lowe,Rock,Jesus Of Cool,9,9.3
The Microphones,Rock,The Glow Pt. 2,9,9.3
The Red Krayola,Rock,The Parable Of Arable Land,9,9.3
Willie Nelson,Rock,Stardust: Legacy Edition,9,9.3
New Order,Rock,Movement,9,9.3
The Beatles,Rock,Beatles For Sale,9,9.3
Big Star,Rock,Keep An Eye On The Sky,9,9.3
U2,Rock,The Unforgettable Fire [Deluxe Edition],9,9.3
Jawbox,Rock,For Your Own Special Sweetheart,9,9.3
Mercury Rev,Rock,Deserter'S Songs [Deluxe Edition],9,9.3
Girls,Rock,"Father, Son, Holy Ghost",9,9.3
Godspeed You! Black Emperor,Rock,Allelujah! Don'T Bend! Ascend!,9,9.3
The Smashing Pumpkins,Rock,Mellon Collie And The Infinite Sadness,9,9.3
Vampire Weekend,Rock,Modern Vampires Of The City,9,9.3
Tame Impala,Rock,Currents,9,9.3
Built To Spill,Rock,Theres Nothing Wrong With Love,9,9.3
Pulp,Rock,Different Class,9,9.3
Randy Newman,Rock,Good Old Boys,9,9.3
Bob Dylan,Rock,Bob Dylan: The 1966 Live Recordings,9,9.3
Blackalicious,Rap,Blazing Arrow,9,9.3
Kendrick Lamar,Rap,To Pimp A Butterfly,9,9.3
Albert Ayler,Jazz,Spiritual Unity,9,9.3
Loretta Lynn,Folk/Country,Van Lear Rose,9,9.3
Max Tundra,Folk/Country,Mastered By Guy At The Exchange,9,9.3
Sufjan Stevens,Folk/Country,Carrie & Lowell,9,9.3
Clinic,Experimental,Internal Wrangler,9,9.3
Current 93,Experimental,Thunder Perfect Mind,9,9.3
Disco Inferno,Experimental,D.I. Go Pop,9,9.3
Jan Jelinek,Experimental,Loop-Finding-Jazz-Records,9,9.3
Sebadoh,Experimental,Iii,9,9.3
Young Marble Giants,Experimental,Colossal Youth And Collected Works,9,9.3
Animal Collective,Experimental,Strawberry Jam,9,9.3
The Microphones,Experimental,The Glow Pt. 2,9,9.3
Olivia Block,Electronic,Mobius Fuse,9,9.3
Clinic,Electronic,Internal Wrangler,9,9.3
Dntel,Electronic,Life Is Full Of Possibilities,9,9.3
Max Tundra,Electronic,Mastered By Guy At The Exchange,9,9.3
To Rococo Rot,Electronic,The Amateur View,9,9.3
Two Lone Swordsmen,Electronic,Tiny Reminders,9,9.3
Two Lone Swordsmen,Electronic,Stay Down,9,9.3
Jamie Xx,Electronic,In Colour,9,9.3
Massive Attack,Electronic,Mezzanine,9,9.3
Belle And Sebastian,Rock,Push Barman To Open Old Wounds,9,9.2
Broken Social Scene,Rock,You Forgot It In People,9,9.2
Califone,Rock,Califone,9,9.2
Guided By Voices,Rock,Propeller,9,9.2
Jackie-O Motherfucker,Rock,Fig. 5,9,9.2
M83,Rock,"Dead Cities, Red Seas & Lost Ghosts",9,9.2
The Microphones,Rock,"It Was Hot, We Stayed In The Water",9,9.2
The Microphones,Rock,"The Glow, Pt. 2",9,9.2
The Notwist,Rock,Neon Golden,9,9.2
Tortoise,Rock,Standards,9,9.2
Talking Heads,Rock,The Name Of This Band Is Talking Heads,9,9.2
The Walkmen,Rock,Bows And Arrows,9,9.2
Wolf Parade,Rock,Apologies To The Queen Mary,9,9.2
Gram Parsons,Rock,The Reprise Sessions,9,9.2
Tortoise,Rock,A Lazarus Taxon,9,9.2
Nico,Rock,The Frozen Borderline: 1968-1970,9,9.2
Lcd Soundsystem,Rock,Sound Of Silver,9,9.2
The Modern Lovers,Rock,The Modern Lovers,9,9.2
No Age,Rock,Nouns,9,9.2
Mogwai,Rock,Young Team [Deluxe Edition],9,9.2
Sebadoh,Rock,Bubble And Scrape Deluxe Edition,9,9.2
Tv On The Radio,Rock,Dear Science,9,9.2
Deerhunter,Rock,Microcastle / Weird Era Cont.,9,9.2
The Monks,Rock,Black Monk Time,9,9.2
Dirty Projectors,Rock,Bitte Orca,9,9.2
The Beatles,Rock,Past Masters,9,9.2
The Beatles,Rock,Help!,9,9.2
Lcd Soundsystem,Rock,This Is Happening,9,9.2
Deerhunter,Rock,Halcyon Digest,9,9.2
Paul Mccartney,Rock,Ram,9,9.2
Linda Mccartney,Rock,Ram,9,9.2
Paul Simon,Rock,Graceland: 25Th Anniversary Edition,9,9.2
Half Japanese,Rock,Gentlemen / Not Beasts,9,9.2
Arcade Fire,Rock,Reflektor,9,9.2
Swans,Rock,To Be Kind,9,9.2
Led Zeppelin,Rock,Led Zeppelin,9,9.2
Sleater-Kinney,Rock,Start Together,9,9.2
Fleetwood Mac,Rock,Tusk,9,9.2
Pj Harvey,Rock,Dry,9,9.2
Guided By Voices,Rock,Alien Lanes,9,9.2
Non-Prophets,Rap,Hope,9,9.2
Missy Elliott,Rap,Respect M.E.,9,9.2
Big Boi,Rap,Sir Lucious Left Foot: The Son Of Chico Dusty,9,9.2
Digable Planets,Rap,Blowout Comb,9,9.2
Nina Simone,Pop/R&B,To Be Free: The Nina Simone Story,9,9.2
Isaac Hayes,Pop/R&B,Hot Buttered Soul,9,9.2
Miles Davis,Jazz,The Complete On The Corner Sessions,9,9.2
Nina Simone,Jazz,To Be Free: The Nina Simone Story,9,9.2
Max Tundra,Folk/Country,Some Best Friend You Turned Out To Be,9,9.2
Sufjan Stevens,Folk/Country,Illinois,9,9.2
Joanna Newsom,Folk/Country,Have One On Me,9,9.2
Sun Kil Moon,Folk/Country,Benji,9,9.2
Jackie-O Motherfucker,Experimental,Fig. 5,9,9.2
The Microphones,Experimental,"It Was Hot, We Stayed In The Water",9,9.2
The Microphones,Experimental,"The Glow, Pt. 2",9,9.2
Tortoise,Experimental,Standards,9,9.2
Tortoise,Experimental,A Lazarus Taxon,9,9.2
Nico,Experimental,The Frozen Borderline: 1968-1970,9,9.2
The Modern Lovers,Experimental,The Modern Lovers,9,9.2
Sebadoh,Experimental,Bubble And Scrape Deluxe Edition,9,9.2
M83,Electronic,"Dead Cities, Red Seas & Lost Ghosts",9,9.2
Max Tundra,Electronic,Some Best Friend You Turned Out To Be,9,9.2
The Notwist,Electronic,Neon Golden,9,9.2
Lcd Soundsystem,Electronic,Sound Of Silver,9,9.2
Gas,Electronic,Nah Und Fern,9,9.2
Lcd Soundsystem,Electronic,This Is Happening,9,9.2
Underworld,Electronic,Dubnobasswithmyheadman (20Th Anniversary Remaster),9,9.2
Bad Brains,Rock,Banned In D.C.: Bad Brains Greatest Riffs,9,9.1
Belle And Sebastian,Rock,If You'Re Feeling Sinister: Live At The Barbican,9,9.1
The Bevis Frond,Rock,New River Head,9,9.1
Blur,Rock,13,9,9.1
Clearlake,Rock,Cedars,9,9.1
Bob Dylan,Rock,"The Bootleg Series, Vol. 6: Live 1964: Concert At Philharmonic Hall",9,9.1
Danielson Famile,Rock,Ships,9,9.1
Mark Eitzel,Rock,The Invisible Man,9,9.1
Frog Eyes,Rock,The Golden River,9,9.1
Franz Ferdinand,Rock,Franz Ferdinand,9,9.1
Les Savy Fav,Rock,Inches,9,9.1
Mm,Rock,Yesterday Was Dramatic - Today Is Ok,9,9.1
Sleater-Kinney,Rock,One Beat,9,9.1
The Strokes,Rock,Is This It,9,9.1
Talking Heads,Rock,Talking Heads Brick,9,9.1
U.S. Maple,Rock,Acre Thrills,9,9.1
Various Artists,Rock,De Stijl,9,9.1
Keith Fullerton Whitman,Rock,Multiples,9,9.1
Tv On The Radio,Rock,Return To Cookie Mountain,9,9.1
Battles,Rock,Mirrored,9,9.1
Hercules And Love Affair,Rock,Hercules And Love Affair,9,9.1
Mudhoney,Rock,Superfuzz Bigmuff Deluxe Edition,9,9.1
13Th Floor Elevators,Rock,The Psychedelic Sounds Of...,9,9.1
The Feelies,Rock,Crazy Rhythms,9,9.1
The Beatles,Rock,Let It Be,9,9.1
Girls,Rock,Album,9,9.1
Bob Dylan,Rock,"The Bootleg Series, Vol. 9: The Witmark Demos: 1962-1964",9,9.1
M83,Rock,"Hurry Up, We'Re Dreaming",9,9.1
Beach House,Rock,Bloom,9,9.1
Grizzly Bear,Rock,Shields,9,9.1
My Bloody Valentine,Rock,M B V,9,9.1
Unwound,Rock,Rat Conspiracy,9,9.1
The Clientele,Rock,Suburban Light,9,9.1
Led Zeppelin,Rock,Led Zeppelin Iv,9,9.1
Jawbreaker,Rock,24 Hour Revenge Therapy,9,9.1
The Flaming Lips,Rock,Heady Nuggs: 20 Years After Clouds Taste Metallic,9,9.1
Jay Reatard,Rock,Blood Visions,9,9.1
Prince,Rock,Parade,9,9.1
The Revolution,Rock,Parade,9,9.1
Radiohead,Rock,A Moon Shaped Pool,9,9.1
Neil Young,Rock,Time Fades Away,9,9.1
Eminem,Rap,The Eminem Show,9,9.1
Talib Kweli,Rap,Quality,9,9.1
The Streets,Rap,A Grand Don'T Come For Free,9,9.1
Viktor Vaughn,Rap,Vaudeville Villain,9,9.1
Clipse,Rap,Hell Hath No Fury,9,9.1
Chance The Rapper,Rap,Coloring Book,9,9.1
De La Soul,Rap,Buhloone Mindstate,9,9.1
Clipse,Pop/R&B,Hell Hath No Fury,9,9.1
Prince,Pop/R&B,Parade,9,9.1
The Revolution,Pop/R&B,Parade,9,9.1
Jawbreaker,Metal,24 Hour Revenge Therapy,9,9.1
Amon Tobin,Jazz,Supermodified,9,9.1
Rhys Chatham,Experimental,An Angel Moves Too Fast To See: Selected Works 1971-1989,9,9.1
Supersilent,Experimental,6,9,9.1
My Bloody Valentine,Experimental,M B V,9,9.1
Terry Riley,Experimental,A Rainbow In Curved Air,9,9.1
Basement Jaxx,Electronic,Kish Kash,9,9.1
Franz Ferdinand,Electronic,Franz Ferdinand,9,9.1
Mouse On Mars,Electronic,Glam,9,9.1
Mm,Electronic,Yesterday Was Dramatic - Today Is Ok,9,9.1
Prefuse 73,Electronic,One Word Extinguisher,9,9.1
The Prodigy,Electronic,Their Law: The Singles,9,9.1
Amon Tobin,Electronic,Supermodified,9,9.1
Keith Fullerton Whitman,Electronic,Multiples,9,9.1
Hercules And Love Affair,Electronic,Hercules And Love Affair,9,9.1
Mudhoney,Electronic,Superfuzz Bigmuff Deluxe Edition,9,9.1
13Th Floor Elevators,Electronic,The Psychedelic Sounds Of...,9,9.1
Basic Channel,Electronic,Bcd-2,9,9.1
M83,Electronic,"Hurry Up, We'Re Dreaming",9,9.1
Disclosure,Electronic,Settle,9,9.1
Suicide,Electronic,Suicide,9,9.1
Ryan Adams,Rock,Heartbreaker,9,9
Animal Collective,Rock,Feels,9,9
The Appleseed Cast,Rock,Low Level Owl Vol. I & Ii,9,9
Area,Rock,Revolution,9,9
Auburn Lull,Rock,Alone I Admire,9,9
Art Bears,Rock,Art Box,9,9
Blur,Rock,Think Tank,9,9
The Books,Rock,Thought For Food,9,9
Jeff Buckley,Rock,Grace: Legacy Edition,9,9
Vashti Bunyan,Rock,Just Another Diamond Day,9,9
Tony Conrad,Rock,Outside The Dream Syndicate,9,9
Faust,Rock,Outside The Dream Syndicate,9,9
Clap Your Hands Say Yeah,Rock,Clap Your Hands Say Yeah,9,9
Deerhoof,Rock,The Runners Four,9,9
Drive Like Jehu,Rock,Yank Crime,9,9
The Dukes Of Stratosphear,Rock,Chips From The Chocolate Fireball,9,9
Dexys Midnight Runners,Rock,Let'S Make This Precious: The Best Of Dexys Midnight Runners,9,9
The Fall,Rock,Totally Wired: The Rough Trade Anthology,9,9
Godspeed You! Black Emperor,Rock,Lift Your Skinny Fists Like Antennas To Heaven,9,9
Kraftwerk,Rock,Minimum-Maximum,9,9
Liars,Rock,Drum'S Not Dead,9,9
Liliput,Rock,Complete Recordings,9,9
The Magnetic Fields,Rock,69 Love Songs,9,9
The New Pornographers,Rock,Twin Cinema,9,9
No-Neck Blues Band,Rock,Sticks And Stones May Break My Bones But Words Will Never Hurt Me,9,9
Ooioo,Rock,Feather Float,9,9
Out Hud,Rock,S.T.R.E.E.T. D.A.D.,9,9
Polysics,Rock,Hey! Bob! My Friend!,9,9
Radiohead,Rock,Amnesiac,9,9
The Rapture,Rock,Echoes,9,9
Redd Kross,Rock,Neurotica,9,9
Saint Etienne,Rock,"Travel Edition, 1990-2004",9,9
The Sea And Cake,Rock,Oui,9,9
Set Fire To Flames,Rock,Sings Reign Rebuilder,9,9
Sleater-Kinney,Rock,The Woods,9,9
Sonic Youth,Rock,Murray Street,9,9
Sunburned Hand Of The Man,Rock,Headdress,9,9
Tom Waits,Rock,Alice' And 'Blood Money',9,9
The White Stripes,Rock,White Blood Cells,9,9
Scott Walker,Rock,The Drift,9,9
Brian Wilson,Rock,Smile,9,9
Xiu Xiu,Rock,Fabulous Muscles,9,9
Xtc,Rock,Coat Of Many Cupboards,9,9
Junior Boys,Rock,So This Is Goodbye,9,9
The Clash,Rock,The Singles,9,9
Jens Lekman,Rock,Night Falls Over Kortedala,9,9
Fleet Foxes,Rock,Fleet Foxes,9,9
Blue Cheer,Rock,Vincebus Eruptum,9,9
The Db'S,Rock,Stands For Decibels/Repercussion,9,9
Faust,Rock,Faust,9,9
Funkadelic,Rock,Funkadelic,9,9
Turbonegro,Rock,Ass Cobra,9,9
U2,Rock,Under A Blood Red Sky,9,9
Grizzly Bear,Rock,Veckatimest,9,9
The Flaming Lips,Rock,Embryonic,9,9
Elvis Presley,Rock,Elvis 75: Good Rockin' Tonight,9,9
Beach House,Rock,Teen Dream,9,9
Ariel Pink'S Haunted Graffiti,Rock,Before Today,9,9
Robert Wyatt,Rock,Rock Bottom,9,9
Archers Of Loaf,Rock,Icky Mettle,9,9
St. Vincent,Rock,Strange Mercy,9,9
This Mortal Coil,Rock,Hdcd Box Set,9,9
Bright Eyes,Rock,Fevers And Mirrors [Vinyl Reissue],9,9
Pauline Oliveros,Rock,Reverberations: Tape & Electronic Music 1961-1970,9,9
Fiona Apple,Rock,The Idler Wheel Is Wiser Than The Driver Of The Screw And Whipping Cords Will Serve You More Than Ropes Will Ever Do,9,9
Swans,Rock,The Seer,9,9
The Velvet Underground,Rock,The Velvet Underground & Nico 45Th Anniversary [Super Deluxe],9,9
Tame Impala,Rock,Lonerism,9,9
The Breeders,Rock,Lsxx,9,9
Public Image Ltd,Rock,First Issue,9,9
The Mountain Goats,Rock,All Hail West Texas,9,9
Sly And The Family Stone,Rock,Higher!,9,9
Darkside,Rock,Psychic,9,9
Grace Jones,Rock,Nightclubbing,9,9
Sun City Girls,Rock,Torch Of The Mystics,9,9
Primal Scream,Rock,Screamadelica,9,9
David Bowie,Rock,Diamond Dogs,9,9
Prince,Rock,Controversy,9,9
Ryan Adams,Rock,Heartbreaker (Deluxe Reissue),9,9
George Harrison,Rock,All Things Must Pass,9,9
Nick Cave & The Bad Seeds,Rock,Skeleton Tree,9,9
Bon Iver,Rock,"22, A Million",9,9
Kleenex,Rock,First Songs,9,9
Liliput,Rock,First Songs,9,9
Ghostface Killah,Rap,Fishscale,9,9
King Geedorah,Rap,Take Me To Your Leader,9,9
Gang Starr,Rap,Mass Appeal: The Best Of Gang Starr,9,9
Sage Francis,Rap,Sick Of Waiting Tables,9,9
Company Flow,Rap,Funcrusher Plus,9,9
Run The Jewels,Rap,Run The Jewels 2,9,9
Kanye West,Rap,The Life Of Pablo,9,9
A Tribe Called Quest,Rap,We Got It From Here... Thank You 4 Your Service,9,9
Antena,Pop/R&B,Camino Del Sol,9,9
Funkadelic,Pop/R&B,Funkadelic,9,9
Mulatu Astatke,Pop/R&B,New York-Addis-London: The Story Of Ethio Jazz 1965-1975,9,9
James Blake,Pop/R&B,James Blake,9,9
Van Dyke Parks,Pop/R&B,Song Cycle,9,9
Anohni,Pop/R&B,Hopelessness,9,9
Prince,Pop/R&B,Controversy,9,9
Janet Jackson,Pop/R&B,Rhythm Nation 1814,9,9
Frank Ocean,Pop/R&B,Blonde,9,9
Otis Redding,Pop/R&B,Live At The Whiskey A Go Go: The Complete Recordings,9,9
Mastodon,Metal,Remission,9,9
Redd Kross,Metal,Neurotica,9,9
Blue Cheer,Metal,Vincebus Eruptum,9,9
Opeth,Metal,Blackwater Park [Legacy Edition],9,9
Deafheaven,Metal,New Bermuda,9,9
Area,Jazz,Revolution,9,9
Steve Reid,Jazz,Rhythmatism,9,9
Billie Holiday,Jazz,Lady Day: The Master Takes And Singles,9,9
Mulatu Astatke,Jazz,New York-Addis-London: The Story Of Ethio Jazz 1965-1975,9,9
Miles Davis,Jazz,"The Bootleg Series, Volume 1: Live In Europe 1967",9,9
Miles Davis,Jazz,"The Bootleg Series, Volume 2: Live In Europe 1969",9,9
Etta James,Jazz,At Last!,9,9
Ray Charles,Jazz,Swiss Radio Days Vol. 41 - Zurich 1961,9,9
Caetano Veloso,Global,Livro,9,9
Culture,Global,Two Sevens Clash: The 30Th Anniversary Edition,9,9
William Onyeabor,Global,Box Set,9,9
Johnny Cash,Folk/Country,The Legend,9,9
Karen Dalton,Folk/Country,In My Own Time,9,9
Lead Belly,Folk/Country,Lead Belly: The Smithsonian Folkways Collection,9,9
Animal Collective,Experimental,Feels,9,9
Art Bears,Experimental,Art Box,9,9
The Books,Experimental,Thought For Food,9,9
Tony Conrad,Experimental,Outside The Dream Syndicate,9,9
Faust,Experimental,Outside The Dream Syndicate,9,9
Deerhoof,Experimental,The Runners Four,9,9
Liars,Experimental,Drum'S Not Dead,9,9
The Magnetic Fields,Experimental,69 Love Songs,9,9
No-Neck Blues Band,Experimental,Sticks And Stones May Break My Bones But Words Will Never Hurt Me,9,9
Ooioo,Experimental,Feather Float,9,9
Jim Orourke,Experimental,"I'M Happy, And I'M Singing, And A 1, 2, 3, 4",9,9
The Sea And Cake,Experimental,Oui,9,9
Sunburned Hand Of The Man,Experimental,Headdress,9,9
This Heat,Experimental,Deceit,9,9
Xiu Xiu,Experimental,Fabulous Muscles,9,9
This Heat,Experimental,Out Of Cold Storage,9,9
Ariel Pink'S Haunted Graffiti,Experimental,Before Today,9,9
Robert Wyatt,Experimental,Rock Bottom,9,9
Pauline Oliveros,Experimental,Reverberations: Tape & Electronic Music 1961-1970,9,9
The Breeders,Experimental,Lsxx,9,9
Burial,Experimental,Rival Dealer Ep,9,9
This Heat,Experimental,This Heat,9,9
Anohni,Experimental,Hopelessness,9,9
Angelo Badalamenti,Experimental,Twin Peaks Ost,9,9
Steve Reich,Experimental,The Ecm Recordings,9,9
Auburn Lull,Electronic,Alone I Admire,9,9
Antena,Electronic,Camino Del Sol,9,9
The Chemical Brothers,Electronic,Surrender,9,9
Dexys Midnight Runners,Electronic,Let'S Make This Precious: The Best Of Dexys Midnight Runners,9,9
Enduser,Electronic,15 Tracks,9,9
Gas,Electronic,Pop,9,9
Matthew Herbert,Electronic,Secondhand Sounds,9,9
Kraftwerk,Electronic,Minimum-Maximum,9,9
Mu,Electronic,Afro Finger And Gel,9,9
Out Hud,Electronic,S.T.R.E.E.T. D.A.D.,9,9
Optimo,Electronic,How To Kill The Dj [Part Two],9,9
Polysics,Electronic,Hey! Bob! My Friend!,9,9
The Rapture,Electronic,Echoes,9,9
Saint Etienne,Electronic,"Travel Edition, 1990-2004",9,9
Xtc,Electronic,Coat Of Many Cupboards,9,9
Junior Boys,Electronic,So This Is Goodbye,9,9
The Field,Electronic,From Here We Go Sublime,9,9
Culture,Electronic,Two Sevens Clash: The 30Th Anniversary Edition,9,9
Carl Craig,Electronic,Sessions,9,9
Fuck Buttons,Electronic,Tarot Sport,9,9
Pauline Oliveros,Electronic,Reverberations: Tape & Electronic Music 1961-1970,9,9
Massive Attack,Electronic,Blue Lines,9,9
Burial,Electronic,Rival Dealer Ep,9,9
Grace Jones,Electronic,Nightclubbing,9,9
Acid Mothers Temple,Rock,The New Geocentric World Of...,8,8.9
Animal Collective,Rock,Sung Tongs,8,8.9
Art Brut,Rock,Bang Bang Rock & Roll,8,8.9
Boxhead Ensemble,Rock,Two Brothers,8,8.9
Bloc Party,Rock,Silent Alarm,8,8.9
Calexico,Rock,Feast Of Wire,8,8.9
Circle,Rock,Andexelt,8,8.9
The Delgados,Rock,Peloton,8,8.9
Dirty Three,Rock,"Whatever You Love, You Are",8,8.9
Explosions In The Sky,Rock,"Those Who Tell The Truth Shall Die, Those Who Tell The Truth Shall Live Forever",8,8.9
The Fiery Furnaces,Rock,Ep,8,8.9
Robyn Hitchcock,Rock,Jewels For Sophia,8,8.9
Iran,Rock,The Moon Boys,8,8.9
Junior Boys,Rock,Last Exit,8,8.9
The Kinks,Rock,Muswell Hillbillies,8,8.9
Lilys,Rock,Zero Population Growth Ep: Bliss Out V.15,8,8.9
The Microphones,Rock,Mount Eerie,8,8.9
Modest Mouse,Rock,Building Nothing Out Of Something,8,8.9
Morrissey,Rock,You Are The Quarry,8,8.9
Pinetop Seven,Rock,Bringing Home The Last Great Strike,8,8.9
The Shins,Rock,Chutes Too Narrow,8,8.9
Spoon,Rock,Kill The Moonlight,8,8.9
Super Furry Animals,Rock,Rings Around The World,8,8.9
Super Furry Animals,Rock,Phantom Power,8,8.9
Super Furry Animals,Rock,Songbook: The Singles Volume One,8,8.9
Animal Collective,Rock,"Spirit They'Re Gone, Spirit They'Ve Vanished",8,8.9
Tv On The Radio,Rock,Young Liars Ep,8,8.9
The Unicorns,Rock,Who Will Cut Our Hair When We'Re Gone?,8,8.9
United States Of America,Rock,United States Of America,8,8.9
Deerhoof,Rock,Friend Opportunity,8,8.9
Deerhunter,Rock,Cryptograms,8,8.9
U2,Rock,The Joshua Tree: Deluxe Edition,8,8.9
Nachtmystium,Rock,"Assassins: Black Meddle, Pt. 1",8,8.9
The Beach Boys,Rock,Sunflower/Surf'S Up,8,8.9
The Stooges,Rock,The Stooges,8,8.9
Betty Davis,Rock,Betty Davis,8,8.9
Red Red Meat,Rock,Bunny Gets Paid [Deluxe Edition],8,8.9
Saint Etienne,Rock,So Tough,8,8.9
Animal Collective,Rock,Fall Be Kind Ep,8,8.9
Dexys Midnight Runners,Rock,Searching For The Young Soul Rebels [30Th Anniversary Edition],8,8.9
Sugar,Rock,Copper Blue,8,8.9
Oasis,Rock,(What'S The Story) Morning Glory?,8,8.9
El-P,Rap,Fantastic Damage,8,8.9
Mf Doom,Rap,Operation: Doomsday,8,8.9
M.I.A.,Pop/R&B,Kala,8,8.9
Miguel,Pop/R&B,Wildheart,8,8.9
Sunn O))),Metal,Black One,8,8.9
Nachtmystium,Metal,"Assassins: Black Meddle, Pt. 1",8,8.9
Deafheaven,Metal,Sunbather,8,8.9
Caetano Veloso,Global,Antologia 69-03,8,8.9
M.I.A.,Global,Kala,8,8.9
Bob Wills And His Texas Playboys,Folk/Country,The Tiffany Transcriptions,8,8.9
Acid Mothers Temple,Experimental,The New Geocentric World Of...,8,8.9
Animal Collective,Experimental,Sung Tongs,8,8.9
Tim Berne,Experimental,"Open, Coma",8,8.9
Herb Robertson,Experimental,"Open, Coma",8,8.9
Copenhagen Art Ensemble,Experimental,"Open, Coma",8,8.9
Marc Ducret,Experimental,"Open, Coma",8,8.9
Peter Brtzmann,Experimental,More Nipples,8,8.9
Iran,Experimental,The Moon Boys,8,8.9
Jhann Jhannsson,Experimental,Englabrn,8,8.9
Lilys,Experimental,Zero Population Growth Ep: Bliss Out V.15,8,8.9
The Microphones,Experimental,Mount Eerie,8,8.9
Arthur Russell,Experimental,The World Of Arthur Russell,8,8.9
Sunn O))),Experimental,Black One,8,8.9
Animal Collective,Experimental,"Spirit They'Re Gone, Spirit They'Ve Vanished",8,8.9
The Unicorns,Experimental,Who Will Cut Our Hair When We'Re Gone?,8,8.9
United States Of America,Experimental,United States Of America,8,8.9
Deerhoof,Experimental,Friend Opportunity,8,8.9
Animal Collective,Experimental,Fall Be Kind Ep,8,8.9
Julius Eastman,Experimental,Femenine,8,8.9
Afx,Electronic,Hangable Auto Bulb,8,8.9
Ellen Allien,Electronic,Berlinette,8,8.9
Art Brut,Electronic,Bang Bang Rock & Roll,8,8.9
Boards Of Canada,Electronic,In A Beautiful Place Out In The Country Ep,8,8.9
Boxhead Ensemble,Electronic,Two Brothers,8,8.9
Alan Braxe,Electronic,The Upper Cuts,8,8.9
Coldcut,Electronic,Let Us Replay!,8,8.9
Junior Boys,Electronic,Last Exit,8,8.9
Sam Prekop,Electronic,Sam Prekop,8,8.9
Tarwater,Electronic,"Animals, Suns And Atoms",8,8.9
Ricardo Villalobos,Electronic,Achso,8,8.9
The Stooges,Electronic,The Stooges,8,8.9
Saint Etienne,Electronic,So Tough,8,8.9
Dexys Midnight Runners,Electronic,Searching For The Young Soul Rebels [30Th Anniversary Edition],8,8.9
Four Tet,Electronic,Rounds,8,8.9
Amon Dl Ii,Rock,Tanz Der Lemminge,8,8.8
Architecture In Helsinki,Rock,In Case We Die,8,8.8
Band Of Horses,Rock,Everything All The Time,8,8.8
Ekkehard Ehlers,Rock,Plays,8,8.8
Enon,Rock,High Society,8,8.8
The Ex,Rock,Turn,8,8.8
The Exploding Hearts,Rock,Guitar Romantic,8,8.8
Hot Snakes,Rock,Suicide Invoice,8,8.8
Lali Puna,Rock,Scary World Theory,8,8.8
Led Zeppelin,Rock,How The West Was Won,8,8.8
Liars,Rock,We No Longer Knew Who We Were' Ep And 'Fins To Make Us More Fish-Like' Ep,8,8.8
A.C. Newman,Rock,The Slow Wonder,8,8.8
Pinetop Seven,Rock,Lest We Forget,8,8.8
Sightings,Rock,Michigan Haters,8,8.8
Summer Hymns,Rock,Voice Brother And Sister,8,8.8
Summer Hymns,Rock,A Celebratory Arm Gesture,8,8.8
Simply Saucer,Rock,Cyborgs Revisited,8,8.8
Tom Waits,Rock,Used Songs: 1973-1980,8,8.8
The Replacements,Rock,Don'T You Know Who I Think I Was?: The Best Of The Replacements,8,8.8
Deerhunter,Rock,Fluorescent Grey Ep,8,8.8
Feist,Rock,The Reminder,8,8.8
The Afghan Whigs,Rock,Unbreakable (A Retrospective),8,8.8
Can,Rock,Anthology,8,8.8
Pylon,Rock,Gyrate Plus,8,8.8
Vampire Weekend,Rock,Vampire Weekend,8,8.8
Bee Gees,Rock,Greatest,8,8.8
Cut Copy,Rock,In Ghost Colours,8,8.8
Fairport Convention,Rock,What We Did On Our Holidays,8,8.8
Can,Rock,Future Days,8,8.8
Saint Etienne,Rock,London Conversations: The Best Of Saint Etienne,8,8.8
The Beatles,Rock,With The Beatles,8,8.8
No Age,Rock,Everything In Between,8,8.8
Elliott Smith,Rock,An Introduction To...,8,8.8
Destroyer,Rock,Kaputt,8,8.8
Pj Harvey,Rock,Let England Shake,8,8.8
Scritti Politti,Rock,Absolute,8,8.8
Fleet Foxes,Rock,Helplessness Blues,8,8.8
R.E.M.,Rock,Lifes Rich Pageant (25Th Anniversary Edition),8,8.8
Superchunk,Rock,Foolish,8,8.8
Dntel,Rock,Life Is Full Of Possibilities,8,8.8
Nirvana,Rock,Live At The Paramount,8,8.8
Spiritualized,Rock,Sweet Heart Sweet Light,8,8.8
Japandroids,Rock,Celebration Rock,8,8.8
Codeine,Rock,Frigid Stars,8,8.8
Dirty Projectors,Rock,Swing Lo Magellan,8,8.8
David Lynch,Rock,Eraserhead,8,8.8
Alan Splet,Rock,Eraserhead,8,8.8
Royal Trux,Rock,Accelerator,8,8.8
Jawbreaker,Rock,Bivouac,8,8.8
Phosphorescent,Rock,Muchacho,8,8.8
Shuggie Otis,Rock,Inspiration Information,8,8.8
Townes Van Zandt,Rock,"High, Low And In Between",8,8.8
Real Estate,Rock,Atlas,8,8.8
The War On Drugs,Rock,Lost In The Dream,8,8.8
Oasis,Rock,Definitely Maybe: Chasing The Sun Edition,8,8.8
Grouper,Rock,Ruins,8,8.8
Captain Beefheart,Rock,Sun Zoom Spark: 1970 To 1972,8,8.8
Ariel Pink,Rock,Pom Pom,8,8.8
David Bowie,Rock,Nothing Has Changed (3-Cd Deluxe Edition),8,8.8
Father John Misty,Rock,"I Love You, Honeybear",8,8.8
Prince,Rock,Around The World In A Day,8,8.8
The Revolution,Rock,Around The World In A Day,8,8.8
David Bowie,Rock,Changesonebowie,8,8.8
Van Morrison,Rock,"It'S Too Late To Stop Now... Volumes Ii, Iii, Iv & Dvd",8,8.8
Sunny Day Real Estate,Rock,How It Feels To Be Something On,8,8.8
Angel Olsen,Rock,My Woman,8,8.8
Pink Floyd,Rock,The Early Years 1965-1972,8,8.8
Edan,Rap,Beauty And The Beat,8,8.8
Raekwon,Rap,Only Built 4 Cuban Linx... Pt. Ii,8,8.8
Shabazz Palaces,Rap,Black Up,8,8.8
The Pharcyde,Rap,Bizarre Ride Ii The Pharcyde: The Singles Collection Music Box,8,8.8
Vince Staples,Rap,Summertime '06,8,8.8
Dr. Dre,Rap,Compton,8,8.8
Annie,Pop/R&B,Anniemal,8,8.8
Serge Gainsbourg,Pop/R&B,Jane Birkin Et Serge Gainsbourg,8,8.8
Jane Birkin,Pop/R&B,Jane Birkin Et Serge Gainsbourg,8,8.8
Tune-Yards,Pop/R&B,W H O K I L L,8,8.8
Beyonc,Pop/R&B,Beyonc,8,8.8
How To Dress Well,Pop/R&B,"""What Is This Heart?""",8,8.8
Fka Twigs,Pop/R&B,Lp1,8,8.8
Prince,Pop/R&B,Around The World In A Day,8,8.8
The Revolution,Pop/R&B,Around The World In A Day,8,8.8
Blood Orange,Pop/R&B,Freetown Sound,8,8.8
The Ex,Metal,Turn,8,8.8
High On Fire,Metal,Surrounded By Thieves,8,8.8
Hot Snakes,Metal,Suicide Invoice,8,8.8
Fucked Up,Metal,The Chemistry Of Common Life,8,8.8
Jawbreaker,Metal,Bivouac,8,8.8
Caetano Veloso,Global,A Foreign Sound,8,8.8
Merle Haggard,Folk/Country,Hag: The Best Of Merle Haggard,8,8.8
Merle Haggard,Folk/Country,Strangers/Swinging Doors And The Bottle Let Me Down,8,8.8
Scharpling & Wurster,Folk/Country,The Best Of The Best Show,8,8.8
Arovane,Electronic,Tides,8,8.8
Annie,Electronic,Anniemal,8,8.8
Andrew Coleman,Electronic,"Everything Was Beautiful, And Nothing Hurt",8,8.8
Daedelus,Electronic,Invention,8,8.8
Ekkehard Ehlers,Electronic,Plays,8,8.8
The Exploding Hearts,Electronic,Guitar Romantic,8,8.8
Matthew Herbert,Electronic,Bodily Functions,8,8.8
Lali Puna,Electronic,Scary World Theory,8,8.8
Ms. John Soda,Electronic,No P. Or D.,8,8.8
Parsley Sound,Electronic,Parsley Sounds,8,8.8
Rjd2,Electronic,Deadringer,8,8.8
Remarc,Electronic,Sound Murderer,8,8.8
Matthew Herbert,Electronic,Scale,8,8.8
Pylon,Electronic,Gyrate Plus,8,8.8
Cut Copy,Electronic,In Ghost Colours,8,8.8
Portishead,Electronic,Third,8,8.8
Saint Etienne,Electronic,London Conversations: The Best Of Saint Etienne,8,8.8
Dj /Rupture,Electronic,Uproot,8,8.8
Flying Lotus,Electronic,Cosmogramma,8,8.8
Scritti Politti,Electronic,Absolute,8,8.8
Dntel,Electronic,Life Is Full Of Possibilities,8,8.8
Daft Punk,Electronic,Random Access Memories,8,8.8
How To Dress Well,Electronic,"""What Is This Heart?""",8,8.8
Fka Twigs,Electronic,Lp1,8,8.8
Grouper,Electronic,Ruins,8,8.8
Underworld,Electronic,Second Toughest In The Infants,8,8.8
Fingers Inc.,Electronic,Another Side,8,8.8
Larry Levan,Electronic,Genius Of Time,8,8.8
Cornelius,Electronic,Fantasma,8,8.8
Aesop Rock,Rap,Labor Days,8,8.7
Brother Ali,Rap,Shadows On The Sun,8,8.7
Common,Rap,Like Water For Chocolate,8,8.7
Cam'Ron,Rap,Purple Haze,8,8.7
Dlek,Rap,From Filthy Tongue Of Gods And Griots,8,8.7
Dj Signify,Rap,Sleep No More,8,8.7
Sage Francis,Rap,Personal Journals,8,8.7
Jay Z,Rap,The Blueprint,8,8.7
Mos Def,Rap,Black On Both Sides,8,8.7
Quasimoto,Rap,Astronaut Ep,8,8.7
Kanye West,Rap,Graduation,8,8.7
Steinski,Rap,What Does It All Mean? 1983-2006 Retrospective,8,8.7
Lil Wayne,Rap,Tha Carter Iii,8,8.7
Das Racist,Rap,"Sit Down, Man",8,8.7
Death Grips,Rap,The Money Store,8,8.7
Danny Brown,Rap,Old,8,8.7
David Axelrod,Pop/R&B,The Edge: David Axelrod At Capitol 1966-1970,8,8.7
Edith Frost,Pop/R&B,Wonder Wonder,8,8.7
Michael Jackson,Pop/R&B,The Essential Michael Jackson,8,8.7
Sharon Jones And The Dap-Kings,Pop/R&B,Naturally,8,8.7
Tom Moulton,Pop/R&B,A Tom Moulton Mix,8,8.7
Frank Sinatra,Pop/R&B,Vegas: Live,8,8.7
Isaac Hayes,Pop/R&B,Black Moses,8,8.7
Al Green,Pop/R&B,Let'S Stay Together,8,8.7
The Xx,Pop/R&B,Xx,8,8.7
Sleigh Bells,Pop/R&B,Treats,8,8.7
How To Dress Well,Pop/R&B,Love Remains,8,8.7
Robyn,Pop/R&B,Body Talk,8,8.7
Gloria Ann Taylor,Pop/R&B,Love Is A Hurtin' Thing,8,8.7
Solange,Pop/R&B,A Seat At The Table,8,8.7
Boris,Metal,Pink,8,8.7
Ghost,Metal,Snuffbox Immanence,8,8.7
Ghost,Metal,Hypnotic Underworld,8,8.7
Trans Am,Metal,The Red Line,8,8.7
Mastodon,Metal,Blood Mountain,8,8.7
Megadeth,Metal,Peace Sells... But Who'S Buying? [25Th Anniversary Edition],8,8.7
Ulver,Metal,Bergtatt,8,8.7
Lee Scratch Perry,Global,Ape-Ology,8,8.7
Cluster,Global,Cluster & Eno,8,8.7
Brian Eno,Global,Cluster & Eno,8,8.7
Edith Frost,Folk/Country,Wonder Wonder,8,8.7
Joanna Newsom,Folk/Country,Joanna Newsom & The Ys Street Band Ep,8,8.7
James Blackshaw,Folk/Country,The Cloud Of Unknowing,8,8.7
Bonnie Prince Billy,Folk/Country,Lie Down In The Light,8,8.7
Adult.,Electronic,Resuscitation,8,8.7
Asian Dub Foundation,Electronic,Community Music,8,8.7
Tyondai Braxton,Electronic,History That Has No Effect,8,8.7
Build An Ark,Electronic,Peace With Every Step,8,8.7
Cassetteboy,Electronic,The Parker Tapes,8,8.7
Caf Tacuba,Electronic,Cuatro Caminos,8,8.7
Dj Signify,Electronic,Sleep No More,8,8.7
Galerie Stratique,Electronic,Nothing Down-To-Earth,8,8.7
Hecker,Electronic,Sun Pandmonium,8,8.7
Matthew Herbert,Electronic,Around The House,8,8.7
Hot Hot Heat,Electronic,Make Up The Breakdown,8,8.7
Mm,Electronic,Please Smile My Noise Bleed,8,8.7
Dorine Muraille,Electronic,Mani,8,8.7
Prefuse 73,Electronic,Vocal Studies + Uprock Narratives,8,8.7
Bogdan Raczynski,Electronic,96 Drum N Bass Classixxx,8,8.7
Thee Headcoats,Electronic,Headcoats Down!,8,8.7
Dan Deacon,Electronic,Spiderman Of The Rings,8,8.7
Ricardo Villalobos,Electronic,Fabric 36,8,8.7
Steinski,Electronic,What Does It All Mean? 1983-2006 Retrospective,8,8.7
Cluster,Electronic,Cluster & Eno,8,8.7
Brian Eno,Electronic,Cluster & Eno,8,8.7
A Guy Called Gerald,Electronic,Black Secret Technology,8,8.7
Dj Shadow,Electronic,The 4-Track Era Bundle,8,8.7
Saint Etienne,Electronic,Foxbase Alpha,8,8.7
The Xx,Electronic,Xx,8,8.7
Saint Etienne,Electronic,Tiger Bay,8,8.7
How To Dress Well,Electronic,Love Remains,8,8.7
Drexciya,Electronic,Journey Of The Deep Sea Dweller I,8,8.7
Burial,Electronic,Kindred Ep,8,8.7
Chromatics,Electronic,Kill For Love,8,8.7
Andy Stott,Electronic,Luxury Problems,8,8.7
Bikini Kill,Electronic,Bikini Kill Ep,8,8.7
Herbert,Electronic,Bodily Functions,8,8.7
Fuck Buttons,Electronic,Slow Focus,8,8.7
The Field,Electronic,Cupid'S Head,8,8.7
Cybotron,Electronic,Enter,8,8.7
Todd Terje,Electronic,It'S Album Time,8,8.7
Aphex Twin,Electronic,Syro,8,8.7
Drexciya,Electronic,Neptune'S Lair,8,8.7
Boards Of Canada,Electronic,Hi Scores Ep,8,8.7
Panda Bear,Electronic,Panda Bear Meets The Grim Reaper,8,8.7
Nicolas Jaar,Electronic,Sirens,8,8.7
Common,Rap,Be,8,8.6
Dizzee Rascal,Rap,Showtime,8,8.6
J-Zone,Rap,Pimps Don'T Pay Taxes,8,8.6
Mike Ladd,Rap,Welcome To The Afterfuture,8,8.6
Madlib,Rap,Shades Of Blue: Madlib Invades Blue Note,8,8.6
Nas,Rap,God'S Son,8,8.6
Jay Z,Rap,American Gangster,8,8.6
Beastie Boys,Rap,Ill Communication [Deluxe Edition],8,8.6
The-Dream,Rap,Love King,8,8.6
Drake,Rap,Take Care,8,8.6
Killer Mike,Rap,R.A.P. Music,8,8.6
Drake,Rap,Nothing Was The Same,8,8.6
Kendrick Lamar,Rap,Untitled Unmastered.,8,8.6
Run The Jewels,Rap,Run The Jewels 3,8,8.6
Minus The Bear,Metal,This Is What I Know About Being Gigantic Ep,8,8.6
Neurosis,Metal,Given To The Rising,8,8.6
Pig Destroyer,Metal,Phantom Limb,8,8.6
Harvey Milk,Metal,Life...The Best Game In Town,8,8.6
Queens Of The Stone Age,Metal,Rated R [Deluxe Edition],8,8.6
Fucked Up,Metal,David Comes To Life,8,8.6
Wolves In The Throne Room,Metal,Celestial Lineage,8,8.6
Converge,Metal,All We Love We Leave Behind,8,8.6
Pallbearer,Metal,Foundations Of Burden,8,8.6
Metallica,Metal,Kill 'Em All,8,8.6
Johnny Cash,Folk/Country,American Iii: Solitary Man,8,8.6
Iron & Wine,Folk/Country,Our Endless Numbered Days,8,8.6
Linda Perhacs,Folk/Country,Parallelograms,8,8.6
Sin Ropas,Folk/Country,Trickboxes On The Pony Line,8,8.6
Shugo Tokumaru,Folk/Country,Night Piece,8,8.6
John Fahey,Folk/Country,Sea Changes & Coelacanths: A Young Persons Guide To John Fahey,8,8.6
Iron & Wine,Folk/Country,The Shepherd'S Dog,8,8.6
William Tyler,Folk/Country,Behold The Spirit,8,8.6
Bobby Charles,Folk/Country,Bobby Charles,8,8.6
Lavender Country,Folk/Country,Lavender Country,8,8.6
Ada,Electronic,Blondie,8,8.6
Badgerlore,Electronic,"Of Things Too Sorrowful To Be Reminded Of, And Things Too Beautiful To Possess",8,8.6
Boards Of Canada,Electronic,Geogaddi,8,8.6
Booka Shade,Electronic,Movements,8,8.6
The Cinematic Orchestra,Electronic,Every Day,8,8.6
The Foreign Exchange,Electronic,Connected,8,8.6
The Knife,Electronic,Silent Shout,8,8.6
M83,Electronic,Before The Dawn Heals Us,8,8.6
Manitoba,Electronic,Up In Flames,8,8.6
Ekkehard Ehlers,Electronic,Heroin,8,8.6
Stephan Mathieu,Electronic,Heroin,8,8.6
Posthuman,Electronic,The Uncertainty Of The Monkey,8,8.6
Schlammpeitziger,Electronic,Collected Simplesongs Of My Temporary Past,8,8.6
Stars Of The Lid,Electronic,The Tired Sounds Of...,8,8.6
Jimi Tenor,Electronic,Organism,8,8.6
Terrestre,Electronic,Secondary Inspection,8,8.6
Vitalic,Electronic,Ok Cowboy,8,8.6
Keith Fullerton Whitman,Electronic,Lisbon,8,8.6
Stars Of The Lid,Electronic,And Their Refinement Of The Decline,8,8.6
Thomas Fehlmann,Electronic,Honigpumpe,8,8.6
White Noise,Electronic,An Electric Storm,8,8.6
Prefab Sprout,Electronic,Steve Mcqueen [Legacy Edition],8,8.6
The Tough Alliance,Electronic,A New Chance,8,8.6
Fuck Buttons,Electronic,Street Horrrsing,8,8.6
Melchior Productions,Electronic,No Disco Future,8,8.6
Venetian Snares,Electronic,Winter In The Belly Of A Snake,8,8.6
Air France,Electronic,No Way Down Ep,8,8.6
The Bug,Electronic,London Zoo,8,8.6
Lindstrm,Electronic,Where You Go I Go Too,8,8.6
Theo Parrish,Electronic,Sound Sculptures Volume 1,8,8.6
The Very Best,Electronic,Esau Mwamwaya And Radioclit Are The Very Best,8,8.6
Pp Bradock,Electronic,Confiote De Bits: A Remix Collection,8,8.6
Jj,Electronic,Jj N 2,8,8.6
Neon Indian,Electronic,Psychic Chasms,8,8.6
The Very Best,Electronic,Warm Heart Of Africa,8,8.6
Four Tet,Electronic,There Is Love In You,8,8.6
Cut Copy,Electronic,Zonoscope,8,8.6
Harald Grosskopf,Electronic,Synthesist,8,8.6
Art Of Noise,Electronic,Who'S Afraid Of The Art Of Noise [Deluxe Edition],8,8.6
Throbbing Gristle,Electronic,The Second Annual Report Of Throbbing Gristle,8,8.6
Julia Holter,Electronic,Ekstasis,8,8.6
Drexciya,Electronic,Journey Of The Deep Sea Dweller Ii,8,8.6
Dj Koze,Electronic,Amygdala,8,8.6
Baths,Electronic,Obsidian,8,8.6
Julia Holter,Electronic,Loud City Song,8,8.6
Dj Rashad,Electronic,Double Cup,8,8.6
Bikini Kill,Electronic,Yeah Yeah Yeah Yeah,8,8.6
Bjrk,Electronic,Vulnicura,8,8.6
Fka Twigs,Electronic,M3Ll155X,8,8.6
Neon Indian,Electronic,Vega Intl. Night School,8,8.6
Archy Marshall,Electronic,A New Place 2 Drown,8,8.6
The Ex,Metal,Dizzy Spells,8,8.5
Emperor,Metal,Scattered Ashes: A Decade Of Emperial Wrath,8,8.5
Ghost,Metal,Metamorphosis: Ghost Chronicles 1984-2004,8,8.5
Heavenly,Metal,Heavenly Vs. Satan,8,8.5
Mastodon,Metal,Leviathan,8,8.5
Soilwork,Metal,Natural Born Chaos,8,8.5
Sunn O))),Metal,Flight Of The Behemoth,8,8.5
Isis,Metal,Wavering Radiant,8,8.5
Sunn O))),Metal,Monoliths & Dimensions,8,8.5
Baroness,Metal,Blue Record,8,8.5
Converge,Metal,Axe To Fall,8,8.5
The Body,Metal,All The Waters Of The Earth Turn To Blood,8,8.5
Off!,Metal,First Four Eps,8,8.5
Agalloch,Metal,Marrow Of The Spirit,8,8.5
Baroness,Metal,Yellow & Green,8,8.5
Blut Aus Nord,Metal,777: Cosmosophy,8,8.5
Baroness,Metal,Purple,8,8.5
Iron & Wine,Folk/Country,Woman King Ep,8,8.5
Calexico,Folk/Country,In The Reins Ep,8,8.5
Iron & Wine,Folk/Country,In The Reins Ep,8,8.5
Catherine Irwin,Folk/Country,Cut Yourself A Switch,8,8.5
Sufjan Stevens,Folk/Country,Greetings From Michigan: The Great Lakes State,8,8.5
Wovenhand,Folk/Country,Consider The Birds,8,8.5
Johnny Cash,Folk/Country,Personal File,8,8.5
Scharpling & Wurster,Folk/Country,The Art Of The Slap,8,8.5
Robert Forster,Folk/Country,Intermission: The Best Of The Solo Recordings 1990-1997,8,8.5
Grant Mclennan,Folk/Country,Intermission: The Best Of The Solo Recordings 1990-1997,8,8.5
Max Tundra,Folk/Country,Parallax Error Beheads You,8,8.5
The Tallest Man On Earth,Folk/Country,The Wild Hunt,8,8.5
Woody Guthrie,Folk/Country,Woody At 100: The Woody Guthrie Centennial Collection,8,8.5
Nick Drake,Folk/Country,Tuck Box,8,8.5
Joanna Newsom,Folk/Country,Divers,8,8.5
Washington Phillips,Folk/Country,Washington Phillips And His Manzarene Dreams,8,8.5
Terry Allen,Folk/Country,Lubbock (On Everything),8,8.5